feature_idx,feature_name,female_missing,male_missing,female_miss_rate,male_miss_rate,diff_m_minus_f,test,chi2,p_value,significant
13,J_angle,213,163,0.8554216867469879,0.8029556650246306,-0.05246602172235737,chi2,2.200840919046636,0.13793547202650905,False
11,P_angle,9,13,0.03614457831325301,0.06403940886699508,0.02789483055374207,chi2,1.8792741446628856,0.1704166688629291,False
14,Heart_rate,0,1,0.0,0.0049261083743842365,0.0049261083743842365,fisher,,0.4491150442477876,False
10,T_angle,4,4,0.01606425702811245,0.019704433497536946,0.0036401764694244977,fisher,,1.0,False
12,QRST_angle,1,0,0.004016064257028112,0.0,-0.004016064257028112,fisher,,1.0,False
