feature,female_missing,female_observed,male_missing,male_observed,female_missing_rate,male_missing_rate,difference,test,chi2_stat,p_value,significant
13,213,36,163,40,0.8554216867469879,0.8029556650246306,-0.05246602172235737,chi2,2.200840919046636,0.13793547202650905,False
11,9,240,13,190,0.03614457831325301,0.06403940886699508,0.02789483055374207,chi2,1.8792741446628856,0.1704166688629291,False
14,0,249,1,202,0.0,0.0049261083743842365,0.0049261083743842365,fisher,,0.4491150442477876,False
10,4,245,4,199,0.01606425702811245,0.019704433497536946,0.0036401764694244977,fisher,,1.0,False
12,1,248,0,203,0.004016064257028112,0.0,-0.004016064257028112,fisher,,1.0,False
