feature,total_missing,female_missing,male_missing,female_missing_pct,male_missing_pct
13,376,213,163,0.8554216867469879,0.8029556650246306
11,22,9,13,0.03614457831325301,0.06403940886699508
10,8,4,4,0.01606425702811245,0.019704433497536946
12,1,1,0,0.004016064257028112,0.0
14,1,0,1,0.0,0.0049261083743842365
