feature,missing_count,observed_mean,pooled_imputed_mean,mean_difference,within_variance,between_variance,total_variance
12,1,36.71618625277162,-0.018379879156384504,-36.734566131928005,0.0,0.0,0.0
10,8,36.1509009009009,50.77378746742532,14.622886566524421,66.59992906329829,0.0,66.59992906329829
13,376,-13.592105263157896,-23.85474795842666,-10.262642695268765,1.9840572324409114,0.0,1.9840572324409114
11,22,48.913953488372094,52.4192883529975,3.5053348646254037,1.7364352050694172,0.0,1.7364352050694172
14,1,74.46341463414635,72.92865926935764,-1.5347553647887082,0.0,0.0,0.0
