{
  "hr_feat": 14,
  "best_thr": 1.5,
  "guarded": true,
  "baseline": {
    "binary_ba": 0.888733739109679,
    "spec": 0.9061224489795918,
    "sens": 0.8713450292397661,
    "ba_cls": {
      "6": 0.84,
      "10": 0.74,
      "1": 0.9061224489795918,
      "3": 0.9333333333333333,
      "2": 0.75,
      "4": 0.8,
      "5": 0.7692307692307693,
      "9": 1.0
    }
  },
  "bypass_guarded": {
    "binary_ba": 0.891657715717866,
    "spec": 0.9061224489795918,
    "sens": 0.8771929824561403,
    "ba_cls": {
      "6": 0.84,
      "10": 0.74,
      "1": 0.9061224489795918,
      "3": 0.9333333333333333,
      "2": 0.75,
      "4": 0.8,
      "5": 0.8461538461538461,
      "9": 1.0
    }
  },
  "gained_uids": [
    239
  ],
  "damaged_uids": []
}