feature,missing_count,observed_mean,pooled_imputed_mean,mean_difference,within_variance,between_variance,total_variance
12,1,36.71618625277162,21.06193008399587,-15.654256168775753,,567.1174273715604,
11,22,48.913953488372094,43.84289834333695,-5.071055145035146,714.5010600929307,37.36031999398143,759.3334440857085
14,1,74.46341463414635,72.33161713742328,-2.131797496723067,,125.89906953071193,
10,8,36.1509009009009,38.23020741837788,2.0793065174769794,3345.0255708450177,611.566778937282,4078.9057055697563
13,376,-13.592105263157896,-11.638979610824409,1.9531256523334868,15817.686600797355,6.019133517294638,15824.909561018108
