strategy,male_acc_mean,female_acc_mean,gap_mean,gap_std
baseline,0.8025635041039404,0.8143536301591012,0.011790126055160721,0.07756480575038362
random_oversample,0.8025635041039404,0.8143536301591012,0.011790126055160721,0.07756480575038362
perturbation,0.7976854553234527,0.8385155990019213,0.0408301436784684,0.0642052239648526
cross_gender,0.8161998677403041,0.8228642684569735,0.006664400716669428,0.08493832739594617
combined,0.799028150568587,0.837319339446999,0.038291188878411986,0.08994280185806504
