feature_idx,feature_name,male_missing,female_missing,total_missing,male_missing_pct,female_missing_pct
13,J_angle,163,213,376,0.8029556650246306,0.8554216867469879
11,P_angle,13,9,22,0.06403940886699508,0.03614457831325301
10,T_angle,4,4,8,0.019704433497536946,0.01606425702811245
12,QRST_angle,0,1,1,0.0,0.004016064257028112
14,Heart_rate,1,0,1,0.0049261083743842365,0.0
