feature,missing_count,observed_mean,pooled_imputed_mean,mean_difference,within_variance,between_variance,total_variance
12,1,36.71618625277162,0.2593629671950737,-36.45682328557655,0.0,0.0,0.0
13,376,-13.592105263157896,-21.900213091067283,-8.308107827909387,990.7787630640939,0.0,990.7787630640939
10,8,36.1509009009009,29.44036953335131,-6.710531367549592,1175.7863697716566,0.0,1175.7863697716566
11,22,48.913953488372094,53.841040630977865,4.927087142605771,45.993022680262506,6.310887241768094e-29,45.993022680262506
14,1,74.46341463414635,76.1106026805084,1.6471880463620607,0.0,0.0,0.0
